{
  "ticker": "TSLA",
  "timestamp_utc": "2025-10-27T07:29:16Z",
  "features": [
    "Volume",
    "Return",
    "MA_5",
    "MA_5_pct",
    "MA_10",
    "MA_10_pct",
    "MA_20",
    "MA_20_pct",
    "RSI",
    "MACD",
    "MACD_signal",
    "MACD_diff",
    "BB_high",
    "BB_low",
    "BB_pct",
    "Ret_lag_1",
    "Ret_lag_2",
    "Ret_lag_3",
    "Ret_lag_4",
    "Ret_lag_5",
    "Close"
  ],
  "best_model": "rf",
  "results": {
    "logreg": {
      "macro_f1": 0.23606135244066276,
      "report": {
        "DOWN(0)": {
          "precision": 0.4375,
          "recall": 0.525,
          "f1-score": 0.4772727272727273,
          "support": 80.0
        },
        "UP(1)": {
          "precision": 0.4583333333333333,
          "recall": 0.125,
          "f1-score": 0.19642857142857142,
          "support": 88.0
        },
        "FLAT(2)": {
          "precision": 0.018867924528301886,
          "recall": 0.2,
          "f1-score": 0.034482758620689655,
          "support": 5.0
        },
        "accuracy": 0.31213872832369943,
        "macro avg": {
          "precision": 0.30490041928721173,
          "recall": 0.2833333333333334,
          "f1-score": 0.23606135244066276,
          "support": 173.0
        },
        "weighted avg": {
          "precision": 0.43599810957210894,
          "recall": 0.31213872832369943,
          "f1-score": 0.32161818647766427,
          "support": 173.0
        }
      },
      "confusion_matrix": [
        [
          42,
          11,
          27
        ],
        [
          52,
          11,
          25
        ],
        [
          2,
          2,
          1
        ]
      ]
    },
    "rf": {
      "macro_f1": 0.33854536839611465,
      "report": {
        "DOWN(0)": {
          "precision": 0.48760330578512395,
          "recall": 0.7375,
          "f1-score": 0.5870646766169154,
          "support": 80.0
        },
        "UP(1)": {
          "precision": 0.5769230769230769,
          "recall": 0.3409090909090909,
          "f1-score": 0.42857142857142855,
          "support": 88.0
        },
        "FLAT(2)": {
          "precision": 0.0,
          "recall": 0.0,
          "f1-score": 0.0,
          "support": 5.0
        },
        "accuracy": 0.5144508670520231,
        "macro avg": {
          "precision": 0.35484212756940026,
          "recall": 0.35946969696969694,
          "f1-score": 0.33854536839611465,
          "support": 173.0
        },
        "weighted avg": {
          "precision": 0.5189450591447438,
          "recall": 0.5144508670520231,
          "f1-score": 0.48947664649502276,
          "support": 173.0
        }
      },
      "confusion_matrix": [
        [
          59,
          21,
          0
        ],
        [
          58,
          30,
          0
        ],
        [
          4,
          1,
          0
        ]
      ]
    }
  }
}